Subject,Url
Auditing,https://www.barnesandnoble.com//b/textbooks/accounting/auditing/_/N-8q9Ztsf;jsessionid=3FE41503D5BDFE2773F49E6D044BA32C.prodny_store01-atgap11
Bookkeeping,https://www.barnesandnoble.com//b/textbooks/accounting/bookkeeping/_/N-8q9Ztsk;jsessionid=3FE41503D5BDFE2773F49E6D044BA32C.prodny_store01-atgap11
Corporate Accounting,https://www.barnesandnoble.com//b/textbooks/accounting/corporate-accounting/_/N-8q9Ztse;jsessionid=3FE41503D5BDFE2773F49E6D044BA32C.prodny_store01-atgap11
CPA Study Guides,https://www.barnesandnoble.com//b/textbooks/accounting/cpa-study-guides/_/N-8q9Ztsl;jsessionid=3FE41503D5BDFE2773F49E6D044BA32C.prodny_store01-atgap11
Financial Accounting,https://www.barnesandnoble.com//b/textbooks/accounting/financial-accounting/_/N-8q9Ztsg;jsessionid=3FE41503D5BDFE2773F49E6D044BA32C.prodny_store01-atgap11
General Accounting,https://www.barnesandnoble.com//b/textbooks/accounting/general-accounting/_/N-8q9Ztsh;jsessionid=3FE41503D5BDFE2773F49E6D044BA32C.prodny_store01-atgap11
Governmental & Nonprofit Accounting,https://www.barnesandnoble.com//b/textbooks/accounting/governmental-nonprofit-accounting/_/N-8q9Ztsi;jsessionid=3FE41503D5BDFE2773F49E6D044BA32C.prodny_store01-atgap11
Industry-Specific Accounting,https://www.barnesandnoble.com//b/textbooks/accounting/industry-specific-accounting/_/N-8q9Ztsc;jsessionid=3FE41503D5BDFE2773F49E6D044BA32C.prodny_store01-atgap11
International Accounting,https://www.barnesandnoble.com//b/textbooks/accounting/international-accounting/_/N-8q9Ztsd;jsessionid=3FE41503D5BDFE2773F49E6D044BA32C.prodny_store01-atgap11
Managerial Accounting,https://www.barnesandnoble.com//b/textbooks/accounting/managerial-accounting/_/N-8q9Ztsm;jsessionid=3FE41503D5BDFE2773F49E6D044BA32C.prodny_store01-atgap11
Professional Accounting & Reference,https://www.barnesandnoble.com//b/textbooks/accounting/professional-accounting-reference/_/N-8q9Ztsj;jsessionid=3FE41503D5BDFE2773F49E6D044BA32C.prodny_store01-atgap11
Standard Accounting Practice,https://www.barnesandnoble.com//b/textbooks/accounting/standard-accounting-practice/_/N-8q9Ztsy;jsessionid=3FE41503D5BDFE2773F49E6D044BA32C.prodny_store01-atgap11
Taxes & Taxation,https://www.barnesandnoble.com//b/textbooks/accounting/taxes-taxation/_/N-8q9Ztsn;jsessionid=3FE41503D5BDFE2773F49E6D044BA32C.prodny_store01-atgap11
Algebra,https://www.barnesandnoble.com//b/textbooks/mathematics/algebra/_/N-8q9Z18k3
Architectural Time Periods & Styles,https://www.barnesandnoble.com//b/textbooks/architecture/architectural-time-periods-styles/_/N-8q9Zsbl
Building Types - Architecture,https://www.barnesandnoble.com//b/textbooks/architecture/building-types-architecture/_/N-8q9Zsav
General & Miscellaneous Architecture,https://www.barnesandnoble.com//b/textbooks/architecture/general-miscellaneous-architecture/_/N-8q9Zsbd
Geographic Locations - Architecture,https://www.barnesandnoble.com//b/textbooks/architecture/geographic-locations-architecture/_/N-8q9Zsa4
History & Criticism - Architecture,https://www.barnesandnoble.com//b/textbooks/architecture/history-criticism-architecture/_/N-8q9Zs9s
Individual Architects & Buildings,https://www.barnesandnoble.com//b/textbooks/architecture/individual-architects-buildings/_/N-8q9Zsb3
Urban Architecture & Design,https://www.barnesandnoble.com//b/textbooks/architecture/urban-architecture-design/_/N-8q9Zs9k
African Art,https://www.barnesandnoble.com//b/textbooks/art-history-criticism/african-art/_/N-8q9Zsig;jsessionid=689406C18D835E922B9DF080E6052374.prodny_store01-atgap12
Ancient Art,https://www.barnesandnoble.com//b/textbooks/art-history-criticism/ancient-art/_/N-8q9Zsgr;jsessionid=689406C18D835E922B9DF080E6052374.prodny_store01-atgap12
Art by Subjects,https://www.barnesandnoble.com//b/textbooks/art-history-criticism/art-by-subjects/_/N-8q9Zsg0;jsessionid=689406C18D835E922B9DF080E6052374.prodny_store01-atgap12
Art of the Americas,https://www.barnesandnoble.com//b/textbooks/art-history-criticism/art-of-the-americas/_/N-8q9Zsgb;jsessionid=689406C18D835E922B9DF080E6052374.prodny_store01-atgap12
Art Styles & Periods,https://www.barnesandnoble.com//b/textbooks/art-history-criticism/art-styles-periods/_/N-8q9Zshm;jsessionid=689406C18D835E922B9DF080E6052374.prodny_store01-atgap12
Asian Art,https://www.barnesandnoble.com//b/textbooks/art-history-criticism/asian-art/_/N-8q9Zshc;jsessionid=689406C18D835E922B9DF080E6052374.prodny_store01-atgap12
European Art,https://www.barnesandnoble.com//b/textbooks/art-history-criticism/european-art/_/N-8q9Zsgy;jsessionid=689406C18D835E922B9DF080E6052374.prodny_store01-atgap12
General & Miscellaneous Art,https://www.barnesandnoble.com//b/textbooks/art-history-criticism/general-miscellaneous-art/_/N-8q9Zsfp;jsessionid=689406C18D835E922B9DF080E6052374.prodny_store01-atgap12
Religion & Art,https://www.barnesandnoble.com//b/textbooks/art-history-criticism/religion-art/_/N-8q9Zsfh;jsessionid=689406C18D835E922B9DF080E6052374.prodny_store01-atgap12
Renaissance Art,https://www.barnesandnoble.com//b/textbooks/art-history-criticism/renaissance-art/_/N-8q9Zsix;jsessionid=689406C18D835E922B9DF080E6052374.prodny_store01-atgap12
Sculpture,https://www.barnesandnoble.com//b/textbooks/art-history-criticism/sculpture/_/N-8q9Zshh;jsessionid=689406C18D835E922B9DF080E6052374.prodny_store01-atgap12
Types of Art,https://www.barnesandnoble.com//b/textbooks/art-history-criticism/types-of-art/_/N-8q9Zsim;jsessionid=689406C18D835E922B9DF080E6052374.prodny_store01-atgap12
Anatomy,https://www.barnesandnoble.com//b/textbooks/biology-life-sciences/anatomy/_/N-8q9Z18bs;jsessionid=7CF17D530FCAF277B7BC82DD7AD11859.prodny_store02-atgap02
Biologists - Biography,https://www.barnesandnoble.com//b/textbooks/biology-life-sciences/biologists-biography/_/N-8q9Z18di;jsessionid=7CF17D530FCAF277B7BC82DD7AD11859.prodny_store02-atgap02
Biology,https://www.barnesandnoble.com//b/textbooks/biology-life-sciences/biology/_/N-8q9Z18bx;jsessionid=7CF17D530FCAF277B7BC82DD7AD11859.prodny_store02-atgap02
Biology & Life Sciences - Reference,https://www.barnesandnoble.com//b/textbooks/biology-life-sciences/biology-life-sciences-reference/_/N-8q9Z18dg;jsessionid=7CF17D530FCAF277B7BC82DD7AD11859.prodny_store02-atgap02
Biophysics,https://www.barnesandnoble.com//b/textbooks/biology-life-sciences/biophysics/_/N-8q9Z18dj;jsessionid=7CF17D530FCAF277B7BC82DD7AD11859.prodny_store02-atgap02
Botany,https://www.barnesandnoble.com//b/textbooks/biology-life-sciences/botany/_/N-8q9Z18ca;jsessionid=7CF17D530FCAF277B7BC82DD7AD11859.prodny_store02-atgap02
Cytology,https://www.barnesandnoble.com//b/textbooks/biology-life-sciences/cytology/_/N-8q9Z18ci;jsessionid=7CF17D530FCAF277B7BC82DD7AD11859.prodny_store02-atgap02
Evolution,https://www.barnesandnoble.com//b/textbooks/biology-life-sciences/evolution/_/N-8q9Z18df;jsessionid=7CF17D530FCAF277B7BC82DD7AD11859.prodny_store02-atgap02
Genetics,https://www.barnesandnoble.com//b/textbooks/biology-life-sciences/genetics/_/N-8q9Z18cm;jsessionid=7CF17D530FCAF277B7BC82DD7AD11859.prodny_store02-atgap02
History of Biology & Life Sciences,https://www.barnesandnoble.com//b/textbooks/biology-life-sciences/history-of-biology-life-sciences/_/N-8q9Z18dh;jsessionid=7CF17D530FCAF277B7BC82DD7AD11859.prodny_store02-atgap02
Neuroscience,https://www.barnesandnoble.com//b/textbooks/biology-life-sciences/neuroscience/_/N-8q9Z18de;jsessionid=7CF17D530FCAF277B7BC82DD7AD11859.prodny_store02-atgap02
Physiology,https://www.barnesandnoble.com//b/textbooks/biology-life-sciences/physiology/_/N-8q9Z18cv;jsessionid=7CF17D530FCAF277B7BC82DD7AD11859.prodny_store02-atgap02
Zoology,https://www.barnesandnoble.com//b/textbooks/biology-life-sciences/zoology/_/N-8q9Z18d9;jsessionid=7CF17D530FCAF277B7BC82DD7AD11859.prodny_store02-atgap02
Accounting,https://www.barnesandnoble.com//b/textbooks/business/accounting/_/N-8q9Ztsb;jsessionid=7925FC546FBF44ED69DCE3EBE12D41EC.prodny_store01-atgap09
Business - General & Miscellaneous,https://www.barnesandnoble.com//b/textbooks/business/business-general-miscellaneous/_/N-8q9Ztdh;jsessionid=7925FC546FBF44ED69DCE3EBE12D41EC.prodny_store01-atgap09
Business Biography,https://www.barnesandnoble.com//b/textbooks/business/business-biography/_/N-8q9Ztc0;jsessionid=7925FC546FBF44ED69DCE3EBE12D41EC.prodny_store01-atgap09
Business History,https://www.barnesandnoble.com//b/textbooks/business/business-history/_/N-8q9Ztiy;jsessionid=7925FC546FBF44ED69DCE3EBE12D41EC.prodny_store01-atgap09
Business Life & Careers,https://www.barnesandnoble.com//b/textbooks/business/business-life-careers/_/N-8q9Ztcd;jsessionid=7925FC546FBF44ED69DCE3EBE12D41EC.prodny_store01-atgap09
Business Technology,https://www.barnesandnoble.com//b/textbooks/business/business-technology/_/N-8q9Ztjq;jsessionid=7925FC546FBF44ED69DCE3EBE12D41EC.prodny_store01-atgap09
Economics,https://www.barnesandnoble.com//b/textbooks/business/economics/_/N-8q9Ztka;jsessionid=7925FC546FBF44ED69DCE3EBE12D41EC.prodny_store01-atgap09
Human Resources,https://www.barnesandnoble.com//b/textbooks/business/human-resources/_/N-8q9Ztml;jsessionid=7925FC546FBF44ED69DCE3EBE12D41EC.prodny_store01-atgap09
Industries,https://www.barnesandnoble.com//b/textbooks/business/industries/_/N-8q9Zt9m;jsessionid=7925FC546FBF44ED69DCE3EBE12D41EC.prodny_store01-atgap09
International Business,https://www.barnesandnoble.com//b/textbooks/business/international-business/_/N-8q9Ztmw;jsessionid=7925FC546FBF44ED69DCE3EBE12D41EC.prodny_store01-atgap09
Management & Leadership,https://www.barnesandnoble.com//b/textbooks/business/management-leadership/_/N-8q9Ztnt;jsessionid=7925FC546FBF44ED69DCE3EBE12D41EC.prodny_store01-atgap09
Marketing & Sales,https://www.barnesandnoble.com//b/textbooks/business/marketing-sales/_/N-8q9Ztou;jsessionid=7925FC546FBF44ED69DCE3EBE12D41EC.prodny_store01-atgap09
Personal Finance & Investing,https://www.barnesandnoble.com//b/textbooks/business/personal-finance-investing/_/N-8q9Ztpf;jsessionid=7925FC546FBF44ED69DCE3EBE12D41EC.prodny_store01-atgap09
Professional Finance & Investing,https://www.barnesandnoble.com//b/textbooks/business/professional-finance-investing/_/N-8q9Ztpu;jsessionid=7925FC546FBF44ED69DCE3EBE12D41EC.prodny_store01-atgap09
Real Estate,https://www.barnesandnoble.com//b/textbooks/business/real-estate/_/N-8q9Ztrl;jsessionid=7925FC546FBF44ED69DCE3EBE12D41EC.prodny_store01-atgap09
Small Business,https://www.barnesandnoble.com//b/textbooks/business/small-business/_/N-8q9Ztrz;jsessionid=7925FC546FBF44ED69DCE3EBE12D41EC.prodny_store01-atgap09
Women in Business,https://www.barnesandnoble.com//b/textbooks/business/women-in-business/_/N-8q9Ztk2;jsessionid=7925FC546FBF44ED69DCE3EBE12D41EC.prodny_store01-atgap09
Calculus,https://www.barnesandnoble.com//b/textbooks/mathematics/calculus/_/N-8q9Z18k6
Analytical Chemistry,https://www.barnesandnoble.com//b/textbooks/chemistry/analytical-chemistry/_/N-8q9Z18dl;jsessionid=7948380A9D32EE770AD5C74381D67C28.prodny_store01-atgap14
Chemical Catalysts & Catalysis,https://www.barnesandnoble.com//b/textbooks/chemistry/chemical-catalysts-catalysis/_/N-8q9Z18e2;jsessionid=7948380A9D32EE770AD5C74381D67C28.prodny_store01-atgap14
Chemical Elements,https://www.barnesandnoble.com//b/textbooks/chemistry/chemical-elements/_/N-8q9Z18e0;jsessionid=7948380A9D32EE770AD5C74381D67C28.prodny_store01-atgap14
Chemistry - Biochemistry,https://www.barnesandnoble.com//b/textbooks/chemistry/chemistry-biochemistry/_/N-8q9Z18e6;jsessionid=7948380A9D32EE770AD5C74381D67C28.prodny_store01-atgap14
Chemistry - General & Miscellaneous,https://www.barnesandnoble.com//b/textbooks/chemistry/chemistry-general-miscellaneous/_/N-8q9Z18du;jsessionid=7948380A9D32EE770AD5C74381D67C28.prodny_store01-atgap14
Chemists - Biography,https://www.barnesandnoble.com//b/textbooks/chemistry/chemists-biography/_/N-8q9Z18dt;jsessionid=7948380A9D32EE770AD5C74381D67C28.prodny_store01-atgap14
Compounds & Molecules,https://www.barnesandnoble.com//b/textbooks/chemistry/compounds-molecules/_/N-8q9Z18dp;jsessionid=7948380A9D32EE770AD5C74381D67C28.prodny_store01-atgap14
History of Chemistry,https://www.barnesandnoble.com//b/textbooks/chemistry/history-of-chemistry/_/N-8q9Z18e4;jsessionid=7948380A9D32EE770AD5C74381D67C28.prodny_store01-atgap14
Inorganic Chemistry,https://www.barnesandnoble.com//b/textbooks/chemistry/inorganic-chemistry/_/N-8q9Z18dv;jsessionid=7948380A9D32EE770AD5C74381D67C28.prodny_store01-atgap14
Ions & Ionization in Chemistry,https://www.barnesandnoble.com//b/textbooks/chemistry/ions-ionization-in-chemistry/_/N-8q9Z18e5;jsessionid=7948380A9D32EE770AD5C74381D67C28.prodny_store01-atgap14
Metals & Alloys in Chemistry,https://www.barnesandnoble.com//b/textbooks/chemistry/metals-alloys-in-chemistry/_/N-8q9Z18e1;jsessionid=7948380A9D32EE770AD5C74381D67C28.prodny_store01-atgap14
Microchemistry,https://www.barnesandnoble.com//b/textbooks/chemistry/microchemistry/_/N-8q9Z18dw;jsessionid=7948380A9D32EE770AD5C74381D67C28.prodny_store01-atgap14
Organic Chemistry,https://www.barnesandnoble.com//b/textbooks/chemistry/organic-chemistry/_/N-8q9Z18dx;jsessionid=7948380A9D32EE770AD5C74381D67C28.prodny_store01-atgap14
Physical & Theoretical Chemistry,https://www.barnesandnoble.com//b/textbooks/chemistry/physical-theoretical-chemistry/_/N-8q9Z18dy;jsessionid=7948380A9D32EE770AD5C74381D67C28.prodny_store01-atgap14
Polymers & Polymerization in Chemistry,https://www.barnesandnoble.com//b/textbooks/chemistry/polymers-polymerization-in-chemistry/_/N-8q9Z18e3;jsessionid=7948380A9D32EE770AD5C74381D67C28.prodny_store01-atgap14
Technical & Industrial Chemistry,https://www.barnesandnoble.com//b/textbooks/chemistry/technical-industrial-chemistry/_/N-8q9Z18dz;jsessionid=7948380A9D32EE770AD5C74381D67C28.prodny_store01-atgap14
Apple,https://www.barnesandnoble.com//b/textbooks/computers/apple/_/N-8q9Zxhr;jsessionid=0983E581455E97AEBCEA27970D132003.prodny_store01-atgap13
Applications & Software,https://www.barnesandnoble.com//b/textbooks/computers/applications-software/_/N-8q9Zug5;jsessionid=0983E581455E97AEBCEA27970D132003.prodny_store01-atgap13
Artificial Intelligence (AI),https://www.barnesandnoble.com//b/textbooks/computers/artificial-intelligence-ai/_/N-8q9Zuv9;jsessionid=0983E581455E97AEBCEA27970D132003.prodny_store01-atgap13
Computer Business & Culture,https://www.barnesandnoble.com//b/textbooks/computers/computer-business-culture/_/N-8q9Zuvm;jsessionid=0983E581455E97AEBCEA27970D132003.prodny_store01-atgap13
Computer Certification & Training,https://www.barnesandnoble.com//b/textbooks/computers/computer-certification-training/_/N-8q9Zv0t;jsessionid=0983E581455E97AEBCEA27970D132003.prodny_store01-atgap13
Computer Graphics & Design,https://www.barnesandnoble.com//b/textbooks/computers/computer-graphics-design/_/N-8q9Zv95;jsessionid=0983E581455E97AEBCEA27970D132003.prodny_store01-atgap13
Computer Hardware,https://www.barnesandnoble.com//b/textbooks/computers/computer-hardware/_/N-8q9Zvkf;jsessionid=0983E581455E97AEBCEA27970D132003.prodny_store01-atgap13
Computer Programming,https://www.barnesandnoble.com//b/textbooks/computers/computer-programming/_/N-8q9Zvlu;jsessionid=0983E581455E97AEBCEA27970D132003.prodny_store01-atgap13
Computer Reference & Documentation,https://www.barnesandnoble.com//b/textbooks/computers/computer-reference-documentation/_/N-8q9Zw8i;jsessionid=0983E581455E97AEBCEA27970D132003.prodny_store01-atgap13
Computers - General & Miscellaneous,https://www.barnesandnoble.com//b/textbooks/computers/computers-general-miscellaneous/_/N-8q9Zwct;jsessionid=0983E581455E97AEBCEA27970D132003.prodny_store01-atgap13
Database Management,https://www.barnesandnoble.com//b/textbooks/computers/database-management/_/N-8q9Zwnp;jsessionid=0983E581455E97AEBCEA27970D132003.prodny_store01-atgap13
Enterprise Computing Systems,https://www.barnesandnoble.com//b/textbooks/computers/enterprise-computing-systems/_/N-8q9Zwsk;jsessionid=0983E581455E97AEBCEA27970D132003.prodny_store01-atgap13
Home Computer User & Beginner,https://www.barnesandnoble.com//b/textbooks/computers/home-computer-user-beginner/_/N-8q9Zwwp;jsessionid=0983E581455E97AEBCEA27970D132003.prodny_store01-atgap13
Internet & World Wide Web,https://www.barnesandnoble.com//b/textbooks/computers/internet-world-wide-web/_/N-8q9Zwyc;jsessionid=0983E581455E97AEBCEA27970D132003.prodny_store01-atgap13
Multimedia,https://www.barnesandnoble.com//b/textbooks/computers/multimedia/_/N-8q9Zxk2;jsessionid=0983E581455E97AEBCEA27970D132003.prodny_store01-atgap13
Networking & Telecommunications,https://www.barnesandnoble.com//b/textbooks/computers/networking-telecommunications/_/N-8q9Zxnz;jsessionid=0983E581455E97AEBCEA27970D132003.prodny_store01-atgap13
Operating Systems,https://www.barnesandnoble.com//b/textbooks/computers/operating-systems/_/N-8q9Zxy8;jsessionid=0983E581455E97AEBCEA27970D132003.prodny_store01-atgap13
Design - Furniture,https://www.barnesandnoble.com//b/textbooks/design/design-furniture/_/N-8q9Zsc0
Design - General & Miscellaneous,https://www.barnesandnoble.com//b/textbooks/design/design-general-miscellaneous/_/N-8q9Zsc1
Design - Industrial,https://www.barnesandnoble.com//b/textbooks/design/design-industrial/_/N-8q9Zsc2
Design - Jewelry,https://www.barnesandnoble.com//b/textbooks/design/design-jewelry/_/N-8q9Zsc3
Textiles & Textile Design,https://www.barnesandnoble.com//b/textbooks/design/textiles-textile-design/_/N-8q9Zsc4
Agricultural Economics,https://www.barnesandnoble.com//b/textbooks/economics/agricultural-economics/_/N-8q9Ztlh;jsessionid=A82CEDBC0631166A1F22094819BEE8D2.prodny_store02-atgap10
Competition - Economics,https://www.barnesandnoble.com//b/textbooks/economics/competition-economics/_/N-8q9Ztle;jsessionid=A82CEDBC0631166A1F22094819BEE8D2.prodny_store02-atgap10
Consumption - Economics,https://www.barnesandnoble.com//b/textbooks/economics/consumption-economics/_/N-8q9Ztlb;jsessionid=A82CEDBC0631166A1F22094819BEE8D2.prodny_store02-atgap10
Economic Conditions,https://www.barnesandnoble.com//b/textbooks/economics/economic-conditions/_/N-8q9Ztlj;jsessionid=A82CEDBC0631166A1F22094819BEE8D2.prodny_store02-atgap10
Economic Development,https://www.barnesandnoble.com//b/textbooks/economics/economic-development/_/N-8q9Ztks;jsessionid=A82CEDBC0631166A1F22094819BEE8D2.prodny_store02-atgap10
Economic Forecasting,https://www.barnesandnoble.com//b/textbooks/economics/economic-forecasting/_/N-8q9Ztlf;jsessionid=A82CEDBC0631166A1F22094819BEE8D2.prodny_store02-atgap10
Economic History,https://www.barnesandnoble.com//b/textbooks/economics/economic-history/_/N-8q9Ztlv;jsessionid=A82CEDBC0631166A1F22094819BEE8D2.prodny_store02-atgap10
Economic Reference,https://www.barnesandnoble.com//b/textbooks/economics/economic-reference/_/N-8q9Ztkm;jsessionid=A82CEDBC0631166A1F22094819BEE8D2.prodny_store02-atgap10
Economic Systems,https://www.barnesandnoble.com//b/textbooks/economics/economic-systems/_/N-8q9Ztkf;jsessionid=A82CEDBC0631166A1F22094819BEE8D2.prodny_store02-atgap10
Economic Theory & Schools of Thought,https://www.barnesandnoble.com//b/textbooks/economics/economic-theory-schools-of-thought/_/N-8q9Ztm1;jsessionid=A82CEDBC0631166A1F22094819BEE8D2.prodny_store02-atgap10
Economics - General & Miscellaneous,https://www.barnesandnoble.com//b/textbooks/economics/economics-general-miscellaneous/_/N-8q9Ztl9;jsessionid=A82CEDBC0631166A1F22094819BEE8D2.prodny_store02-atgap10
Economics - Mathematical & Quanitative Methods,https://www.barnesandnoble.com//b/textbooks/economics/economics-mathematical-quanitative-methods/_/N-8q9Ztkb;jsessionid=A82CEDBC0631166A1F22094819BEE8D2.prodny_store02-atgap10
Economics - Religious & Moral Aspects,https://www.barnesandnoble.com//b/textbooks/economics/economics-religious-moral-aspects/_/N-8q9Ztld;jsessionid=A82CEDBC0631166A1F22094819BEE8D2.prodny_store02-atgap10
Economics of Education,https://www.barnesandnoble.com//b/textbooks/economics/economics-of-education/_/N-8q9Ztlc;jsessionid=A82CEDBC0631166A1F22094819BEE8D2.prodny_store02-atgap10
Environmental Economics,https://www.barnesandnoble.com//b/textbooks/economics/environmental-economics/_/N-8q9Ztli;jsessionid=A82CEDBC0631166A1F22094819BEE8D2.prodny_store02-atgap10
Health Economics,https://www.barnesandnoble.com//b/textbooks/economics/health-economics/_/N-8q9Ztlg;jsessionid=A82CEDBC0631166A1F22094819BEE8D2.prodny_store02-atgap10
International Economics,https://www.barnesandnoble.com//b/textbooks/economics/international-economics/_/N-8q9Ztl2;jsessionid=A82CEDBC0631166A1F22094819BEE8D2.prodny_store02-atgap10
Labor Economics,https://www.barnesandnoble.com//b/textbooks/economics/labor-economics/_/N-8q9Ztkx;jsessionid=A82CEDBC0631166A1F22094819BEE8D2.prodny_store02-atgap10
Macroeconomics,https://www.barnesandnoble.com//b/textbooks/economics/macroeconomics/_/N-8q9Ztma;jsessionid=A82CEDBC0631166A1F22094819BEE8D2.prodny_store02-atgap10
Microeconomics,https://www.barnesandnoble.com//b/textbooks/economics/microeconomics/_/N-8q9Ztla;jsessionid=A82CEDBC0631166A1F22094819BEE8D2.prodny_store02-atgap10
Academic Administration,https://www.barnesandnoble.com//b/textbooks/education/academic-administration/_/N-8q9Zzmn;jsessionid=7845B5644E84309B7CED437F09039851.prodny_store02-atgap13
Education - General & Miscellaneous,https://www.barnesandnoble.com//b/textbooks/education/education-general-miscellaneous/_/N-8q9Zzmx;jsessionid=7845B5644E84309B7CED437F09039851.prodny_store02-atgap13
Education - Social & Political Aspects,https://www.barnesandnoble.com//b/textbooks/education/education-social-political-aspects/_/N-8q9Zzna;jsessionid=7845B5644E84309B7CED437F09039851.prodny_store02-atgap13
Educational Guidance & Counseling,https://www.barnesandnoble.com//b/textbooks/education/educational-guidance-counseling/_/N-8q9Zznn;jsessionid=7845B5644E84309B7CED437F09039851.prodny_store02-atgap13
Educational Levels & Settings,https://www.barnesandnoble.com//b/textbooks/education/educational-levels-settings/_/N-8q9Zznr;jsessionid=7845B5644E84309B7CED437F09039851.prodny_store02-atgap13
"Educational Theory, Research & History",https://www.barnesandnoble.com//b/textbooks/education/educational-theory-research-history/_/N-8q9Zzo7;jsessionid=7845B5644E84309B7CED437F09039851.prodny_store02-atgap13
Homeschooling,https://www.barnesandnoble.com//b/textbooks/education/homeschooling/_/N-8q9Z1xv4;jsessionid=7845B5644E84309B7CED437F09039851.prodny_store02-atgap13
Individual Colleges & Universities,https://www.barnesandnoble.com//b/textbooks/education/individual-colleges-universities/_/N-8q9Zzos;jsessionid=7845B5644E84309B7CED437F09039851.prodny_store02-atgap13
Special Education,https://www.barnesandnoble.com//b/textbooks/education/special-education/_/N-8q9Zzp4;jsessionid=7845B5644E84309B7CED437F09039851.prodny_store02-atgap13
Teaching & Teacher Training,https://www.barnesandnoble.com//b/textbooks/education/teaching-teacher-training/_/N-8q9Zzpn;jsessionid=7845B5644E84309B7CED437F09039851.prodny_store02-atgap13
Teaching - Reading & Language,https://www.barnesandnoble.com//b/textbooks/education/teaching-reading-language/_/N-8q9Zzmh;jsessionid=7845B5644E84309B7CED437F09039851.prodny_store02-atgap13
Aerospace Engineering,https://www.barnesandnoble.com//b/textbooks/engineering/aerospace-engineering/_/N-8q9Z2bxz;jsessionid=05068BF12249BD4060A3CBD676920C0A.prodny_store02-atgap08
CAD/CAM,https://www.barnesandnoble.com//b/textbooks/engineering/cad-cam/_/N-8q9Z2by6;jsessionid=05068BF12249BD4060A3CBD676920C0A.prodny_store02-atgap08
Chemical Engineering,https://www.barnesandnoble.com//b/textbooks/engineering/chemical-engineering/_/N-8q9Z2bya;jsessionid=05068BF12249BD4060A3CBD676920C0A.prodny_store02-atgap08
Civil & Structural Engineering,https://www.barnesandnoble.com//b/textbooks/engineering/civil-structural-engineering/_/N-8q9Z2byg;jsessionid=05068BF12249BD4060A3CBD676920C0A.prodny_store02-atgap08
Computer Technology,https://www.barnesandnoble.com//b/textbooks/engineering/computer-technology/_/N-8q9Z2byo;jsessionid=05068BF12249BD4060A3CBD676920C0A.prodny_store02-atgap08
Construction & Building Trades,https://www.barnesandnoble.com//b/textbooks/engineering/construction-building-trades/_/N-8q9Z2bys;jsessionid=05068BF12249BD4060A3CBD676920C0A.prodny_store02-atgap08
Electrical & Electronic Engineering,https://www.barnesandnoble.com//b/textbooks/engineering/electrical-electronic-engineering/_/N-8q9Z2bzd;jsessionid=05068BF12249BD4060A3CBD676920C0A.prodny_store02-atgap08
Energy & Power Resources,https://www.barnesandnoble.com//b/textbooks/engineering/energy-power-resources/_/N-8q9Z2bzx;jsessionid=05068BF12249BD4060A3CBD676920C0A.prodny_store02-atgap08
Engineering - General & Miscellaneous,https://www.barnesandnoble.com//b/textbooks/engineering/engineering-general-miscellaneous/_/N-8q9Z2c06;jsessionid=05068BF12249BD4060A3CBD676920C0A.prodny_store02-atgap08
Engineering Technology,https://www.barnesandnoble.com//b/textbooks/engineering/engineering-technology/_/N-8q9Z2c24;jsessionid=05068BF12249BD4060A3CBD676920C0A.prodny_store02-atgap08
Environmental Engineering,https://www.barnesandnoble.com//b/textbooks/engineering/environmental-engineering/_/N-8q9Z2c0e;jsessionid=05068BF12249BD4060A3CBD676920C0A.prodny_store02-atgap08
Hydraulic Engineering,https://www.barnesandnoble.com//b/textbooks/engineering/hydraulic-engineering/_/N-8q9Z2c0j;jsessionid=05068BF12249BD4060A3CBD676920C0A.prodny_store02-atgap08
Industrial Engineering & Materials Science,https://www.barnesandnoble.com//b/textbooks/engineering/industrial-engineering-materials-science/_/N-8q9Z2c0s;jsessionid=05068BF12249BD4060A3CBD676920C0A.prodny_store02-atgap08
Mechanical Engineering & Dynamics,https://www.barnesandnoble.com//b/textbooks/engineering/mechanical-engineering-dynamics/_/N-8q9Z2c14;jsessionid=05068BF12249BD4060A3CBD676920C0A.prodny_store02-atgap08
Radar & Signal Processing,https://www.barnesandnoble.com//b/textbooks/engineering/radar-signal-processing/_/N-8q9Z2c1e;jsessionid=05068BF12249BD4060A3CBD676920C0A.prodny_store02-atgap08
Robotics & Artificial Intelligence,https://www.barnesandnoble.com//b/textbooks/engineering/robotics-artificial-intelligence/_/N-8q9Z2c1i;jsessionid=05068BF12249BD4060A3CBD676920C0A.prodny_store02-atgap08
Social & Cultural Aspects of Technology,https://www.barnesandnoble.com//b/textbooks/engineering/social-cultural-aspects-of-technology/_/N-8q9Z2c1v;jsessionid=05068BF12249BD4060A3CBD676920C0A.prodny_store02-atgap08
Telecommunications,https://www.barnesandnoble.com//b/textbooks/engineering/telecommunications/_/N-8q9Z2c2l;jsessionid=05068BF12249BD4060A3CBD676920C0A.prodny_store02-atgap08
African History,https://www.barnesandnoble.com//b/textbooks/history/african-history/_/N-8q9Z1208;jsessionid=B55EF1A73ED1894CABE86B1F210A6BBA.prodny_store02-atgap03
Ancient History,https://www.barnesandnoble.com//b/textbooks/history/ancient-history/_/N-8q9Z11tt;jsessionid=B55EF1A73ED1894CABE86B1F210A6BBA.prodny_store02-atgap03
Asian History,https://www.barnesandnoble.com//b/textbooks/history/asian-history/_/N-8q9Z127k;jsessionid=B55EF1A73ED1894CABE86B1F210A6BBA.prodny_store02-atgap03
Australian & Oceanian History,https://www.barnesandnoble.com//b/textbooks/history/australian-oceanian-history/_/N-8q9Z12bw;jsessionid=B55EF1A73ED1894CABE86B1F210A6BBA.prodny_store02-atgap03
Canadian History,https://www.barnesandnoble.com//b/textbooks/history/canadian-history/_/N-8q9Z12g6;jsessionid=B55EF1A73ED1894CABE86B1F210A6BBA.prodny_store02-atgap03
European History,https://www.barnesandnoble.com//b/textbooks/history/european-history/_/N-8q9Z121w;jsessionid=B55EF1A73ED1894CABE86B1F210A6BBA.prodny_store02-atgap03
History - Reference & Study,https://www.barnesandnoble.com//b/textbooks/history/history-reference-study/_/N-8q9Z12fe;jsessionid=B55EF1A73ED1894CABE86B1F210A6BBA.prodny_store02-atgap03
Latin American History,https://www.barnesandnoble.com//b/textbooks/history/latin-american-history/_/N-8q9Z12ai;jsessionid=B55EF1A73ED1894CABE86B1F210A6BBA.prodny_store02-atgap03
Middle Eastern History,https://www.barnesandnoble.com//b/textbooks/history/middle-eastern-history/_/N-8q9Z11mc;jsessionid=B55EF1A73ED1894CABE86B1F210A6BBA.prodny_store02-atgap03
Military History,https://www.barnesandnoble.com//b/textbooks/history/military-history/_/N-8q9Z11uw;jsessionid=B55EF1A73ED1894CABE86B1F210A6BBA.prodny_store02-atgap03
Russian & Soviet History,https://www.barnesandnoble.com//b/textbooks/history/russian-soviet-history/_/N-8q9Z11kn;jsessionid=B55EF1A73ED1894CABE86B1F210A6BBA.prodny_store02-atgap03
United States History,https://www.barnesandnoble.com//b/textbooks/history/united-states-history/_/N-8q9Z11n2;jsessionid=B55EF1A73ED1894CABE86B1F210A6BBA.prodny_store02-atgap03
World History,https://www.barnesandnoble.com//b/textbooks/history/world-history/_/N-8q9Z12d7;jsessionid=B55EF1A73ED1894CABE86B1F210A6BBA.prodny_store02-atgap03
"Business, Commercial & Financial Law",https://www.barnesandnoble.com//b/textbooks/law/business-commercial-financial-law/_/N-8q9Z1f7s;jsessionid=2D15824EAD966BBAC6A22785980AEF44.prodny_store02-atgap10
Civil Rights Law,https://www.barnesandnoble.com//b/textbooks/law/civil-rights-law/_/N-8q9Z1fa4;jsessionid=2D15824EAD966BBAC6A22785980AEF44.prodny_store02-atgap10
Constitutional Law,https://www.barnesandnoble.com//b/textbooks/law/constitutional-law/_/N-8q9Z1f69;jsessionid=2D15824EAD966BBAC6A22785980AEF44.prodny_store02-atgap10
Courts & Trial Practice,https://www.barnesandnoble.com//b/textbooks/law/courts-trial-practice/_/N-8q9Z1fad;jsessionid=2D15824EAD966BBAC6A22785980AEF44.prodny_store02-atgap10
Criminal Law & Procedure,https://www.barnesandnoble.com//b/textbooks/law/criminal-law-procedure/_/N-8q9Z1f6q;jsessionid=2D15824EAD966BBAC6A22785980AEF44.prodny_store02-atgap10
Environmental Law,https://www.barnesandnoble.com//b/textbooks/law/environmental-law/_/N-8q9Z1f72;jsessionid=2D15824EAD966BBAC6A22785980AEF44.prodny_store02-atgap10
Family Law,https://www.barnesandnoble.com//b/textbooks/law/family-law/_/N-8q9Z1f6x;jsessionid=2D15824EAD966BBAC6A22785980AEF44.prodny_store02-atgap10
Foreign & International Law,https://www.barnesandnoble.com//b/textbooks/law/foreign-international-law/_/N-8q9Z1fbc;jsessionid=2D15824EAD966BBAC6A22785980AEF44.prodny_store02-atgap10
General & Miscellaneous Law,https://www.barnesandnoble.com//b/textbooks/law/general-miscellaneous-law/_/N-8q9Z1f8k;jsessionid=2D15824EAD966BBAC6A22785980AEF44.prodny_store02-atgap10
Labor Law,https://www.barnesandnoble.com//b/textbooks/law/labor-law/_/N-8q9Z1f79;jsessionid=2D15824EAD966BBAC6A22785980AEF44.prodny_store02-atgap10
Legal Reference,https://www.barnesandnoble.com//b/textbooks/law/legal-reference/_/N-8q9Z1fao;jsessionid=2D15824EAD966BBAC6A22785980AEF44.prodny_store02-atgap10
Legal Theory & Philosophy,https://www.barnesandnoble.com//b/textbooks/law/legal-theory-philosophy/_/N-8q9Z1fbz;jsessionid=2D15824EAD966BBAC6A22785980AEF44.prodny_store02-atgap10
Real Estate & Property Law,https://www.barnesandnoble.com//b/textbooks/law/real-estate-property-law/_/N-8q9Z1f7l;jsessionid=2D15824EAD966BBAC6A22785980AEF44.prodny_store02-atgap10
Religious Law,https://www.barnesandnoble.com//b/textbooks/law/religious-law/_/N-8q9Z1fc7;jsessionid=2D15824EAD966BBAC6A22785980AEF44.prodny_store02-atgap10
Tort & Liability Law,https://www.barnesandnoble.com//b/textbooks/law/tort-liability-law/_/N-8q9Z1f7e;jsessionid=2D15824EAD966BBAC6A22785980AEF44.prodny_store02-atgap10
American Fiction,https://www.barnesandnoble.com//b/textbooks/literature/american-fiction/_/N-8q9Z1pg0;jsessionid=C37F4807201BEFFB466FA1881178438D.prodny_store01-atgap01
Drama,https://www.barnesandnoble.com//b/textbooks/literature/drama/_/N-8q9Z163u;jsessionid=C37F4807201BEFFB466FA1881178438D.prodny_store01-atgap01
Essays,https://www.barnesandnoble.com//b/textbooks/literature/essays/_/N-8q9Z1650;jsessionid=C37F4807201BEFFB466FA1881178438D.prodny_store01-atgap01
Fiction & Literature Classics,https://www.barnesandnoble.com//b/textbooks/literature/fiction-literature-classics/_/N-8q9Z1pht;jsessionid=C37F4807201BEFFB466FA1881178438D.prodny_store01-atgap01
Folklore & Mythology,https://www.barnesandnoble.com//b/textbooks/literature/folklore-mythology/_/N-8q9Z2geb;jsessionid=C37F4807201BEFFB466FA1881178438D.prodny_store01-atgap01
Letters,https://www.barnesandnoble.com//b/textbooks/literature/letters/_/N-8q9Z164r;jsessionid=C37F4807201BEFFB466FA1881178438D.prodny_store01-atgap01
Literary Criticism,https://www.barnesandnoble.com//b/textbooks/literature/literary-criticism/_/N-8q9Z15v4;jsessionid=C37F4807201BEFFB466FA1881178438D.prodny_store01-atgap01
Literary Fiction,https://www.barnesandnoble.com//b/textbooks/literature/literary-fiction/_/N-8q9Z1pi2;jsessionid=C37F4807201BEFFB466FA1881178438D.prodny_store01-atgap01
World Fiction,https://www.barnesandnoble.com//b/textbooks/literature/world-fiction/_/N-8q9Z1pi4;jsessionid=C37F4807201BEFFB466FA1881178438D.prodny_store01-atgap01
Dentistry,https://www.barnesandnoble.com//b/textbooks/medicine-nursing/dentistry/_/N-8q9Z167x;jsessionid=1EDF762ABFFE33309E20BDF88C4D2FC3.prodny_store02-atgap10
Health-Related Professions,https://www.barnesandnoble.com//b/textbooks/medicine-nursing/health-related-professions/_/N-8q9Z1688;jsessionid=1EDF762ABFFE33309E20BDF88C4D2FC3.prodny_store02-atgap10
Medicine,https://www.barnesandnoble.com//b/textbooks/medicine-nursing/medicine/_/N-8q9Z168q;jsessionid=1EDF762ABFFE33309E20BDF88C4D2FC3.prodny_store02-atgap10
Medicine & Nursing Reference,https://www.barnesandnoble.com//b/textbooks/medicine-nursing/medicine-nursing-reference/_/N-8q9Z2dj1;jsessionid=1EDF762ABFFE33309E20BDF88C4D2FC3.prodny_store02-atgap10
Medicine & Nursing Test Prep,https://www.barnesandnoble.com//b/textbooks/medicine-nursing/medicine-nursing-test-prep/_/N-8q9Z2djb;jsessionid=1EDF762ABFFE33309E20BDF88C4D2FC3.prodny_store02-atgap10
Nursing,https://www.barnesandnoble.com//b/textbooks/medicine-nursing/nursing/_/N-8q9Z16bd;jsessionid=1EDF762ABFFE33309E20BDF88C4D2FC3.prodny_store02-atgap10
Veterinary Medicine,https://www.barnesandnoble.com//b/textbooks/medicine-nursing/veterinary-medicine/_/N-8q9Z16dx;jsessionid=1EDF762ABFFE33309E20BDF88C4D2FC3.prodny_store02-atgap10
Algebra,https://www.barnesandnoble.com//b/textbooks/mathematics/algebra/_/N-8q9Z18k3;jsessionid=36941BA5C35D130AD4545B142E62C9D4.prodny_store02-atgap08
Arithmetic,https://www.barnesandnoble.com//b/textbooks/mathematics/arithmetic/_/N-8q9Z18k5;jsessionid=36941BA5C35D130AD4545B142E62C9D4.prodny_store02-atgap08
Calculus,https://www.barnesandnoble.com//b/textbooks/mathematics/calculus/_/N-8q9Z18k6;jsessionid=36941BA5C35D130AD4545B142E62C9D4.prodny_store02-atgap08
Computer Mathematics,https://www.barnesandnoble.com//b/textbooks/mathematics/computer-mathematics/_/N-8q9Z18k8;jsessionid=36941BA5C35D130AD4545B142E62C9D4.prodny_store02-atgap08
Computer Science & Combinatorics,https://www.barnesandnoble.com//b/textbooks/mathematics/computer-science-combinatorics/_/N-8q9Z18k7;jsessionid=36941BA5C35D130AD4545B142E62C9D4.prodny_store02-atgap08
Cryptography,https://www.barnesandnoble.com//b/textbooks/mathematics/cryptography/_/N-8q9Z18k2;jsessionid=36941BA5C35D130AD4545B142E62C9D4.prodny_store02-atgap08
Fun & Educational Math,https://www.barnesandnoble.com//b/textbooks/mathematics/fun-educational-math/_/N-8q9Z18j8;jsessionid=36941BA5C35D130AD4545B142E62C9D4.prodny_store02-atgap08
Geometry,https://www.barnesandnoble.com//b/textbooks/mathematics/geometry/_/N-8q9Z18jc;jsessionid=36941BA5C35D130AD4545B142E62C9D4.prodny_store02-atgap08
History of Mathematics,https://www.barnesandnoble.com//b/textbooks/mathematics/history-of-mathematics/_/N-8q9Z18kc;jsessionid=36941BA5C35D130AD4545B142E62C9D4.prodny_store02-atgap08
Logic & Foundations of Mathematics,https://www.barnesandnoble.com//b/textbooks/mathematics/logic-foundations-of-mathematics/_/N-8q9Z18ke;jsessionid=36941BA5C35D130AD4545B142E62C9D4.prodny_store02-atgap08
Mathematical Analysis,https://www.barnesandnoble.com//b/textbooks/mathematics/mathematical-analysis/_/N-8q9Z18jh;jsessionid=36941BA5C35D130AD4545B142E62C9D4.prodny_store02-atgap08
Mathematical Equations,https://www.barnesandnoble.com//b/textbooks/mathematics/mathematical-equations/_/N-8q9Z18jl;jsessionid=36941BA5C35D130AD4545B142E62C9D4.prodny_store02-atgap08
Mathematical Modeling,https://www.barnesandnoble.com//b/textbooks/mathematics/mathematical-modeling/_/N-8q9Z18jq;jsessionid=36941BA5C35D130AD4545B142E62C9D4.prodny_store02-atgap08
Mathematical Programming & Operations Research,https://www.barnesandnoble.com//b/textbooks/mathematics/mathematical-programming-operations-research/_/N-8q9Z18kd;jsessionid=36941BA5C35D130AD4545B142E62C9D4.prodny_store02-atgap08
Mathematical Reference,https://www.barnesandnoble.com//b/textbooks/mathematics/mathematical-reference/_/N-8q9Z18jy;jsessionid=36941BA5C35D130AD4545B142E62C9D4.prodny_store02-atgap08
Mathematical Rings,https://www.barnesandnoble.com//b/textbooks/mathematics/mathematical-rings/_/N-8q9Z18kr;jsessionid=36941BA5C35D130AD4545B142E62C9D4.prodny_store02-atgap08
Mathematical Series,https://www.barnesandnoble.com//b/textbooks/mathematics/mathematical-series/_/N-8q9Z18kk;jsessionid=36941BA5C35D130AD4545B142E62C9D4.prodny_store02-atgap08
Mathematical Spaces,https://www.barnesandnoble.com//b/textbooks/mathematics/mathematical-spaces/_/N-8q9Z18kg;jsessionid=36941BA5C35D130AD4545B142E62C9D4.prodny_store02-atgap08
Mathematicians & Logicians - Biography,https://www.barnesandnoble.com//b/textbooks/mathematics/mathematicians-logicians-biography/_/N-8q9Z18kt;jsessionid=36941BA5C35D130AD4545B142E62C9D4.prodny_store02-atgap08
Mathematics - Applied,https://www.barnesandnoble.com//b/textbooks/mathematics/mathematics-applied/_/N-8q9Z18k4;jsessionid=36941BA5C35D130AD4545B142E62C9D4.prodny_store02-atgap08
Mathematics - Fields,https://www.barnesandnoble.com//b/textbooks/mathematics/mathematics-fields/_/N-8q9Z18k9;jsessionid=36941BA5C35D130AD4545B142E62C9D4.prodny_store02-atgap08
Mathematics - General & Miscellaneous,https://www.barnesandnoble.com//b/textbooks/mathematics/mathematics-general-miscellaneous/_/N-8q9Z18ka;jsessionid=36941BA5C35D130AD4545B142E62C9D4.prodny_store02-atgap08
Mathematics - Group Theory,https://www.barnesandnoble.com//b/textbooks/mathematics/mathematics-group-theory/_/N-8q9Z18kb;jsessionid=36941BA5C35D130AD4545B142E62C9D4.prodny_store02-atgap08
Mathematics - Manifolds,https://www.barnesandnoble.com//b/textbooks/mathematics/mathematics-manifolds/_/N-8q9Z18ks;jsessionid=36941BA5C35D130AD4545B142E62C9D4.prodny_store02-atgap08
"Mathematics - Sets, General Topology, & Categories",https://www.barnesandnoble.com//b/textbooks/mathematics/mathematics-sets-general-topology-categories/_/N-8q9Z18kl;jsessionid=36941BA5C35D130AD4545B142E62C9D4.prodny_store02-atgap08
Mathematics - Special Functions,https://www.barnesandnoble.com//b/textbooks/mathematics/mathematics-special-functions/_/N-8q9Z18km;jsessionid=36941BA5C35D130AD4545B142E62C9D4.prodny_store02-atgap08
Mathematics - Topology,https://www.barnesandnoble.com//b/textbooks/mathematics/mathematics-topology/_/N-8q9Z18ko;jsessionid=36941BA5C35D130AD4545B142E62C9D4.prodny_store02-atgap08
Matrices & Determinants,https://www.barnesandnoble.com//b/textbooks/mathematics/matrices-determinants/_/N-8q9Z18kf;jsessionid=36941BA5C35D130AD4545B142E62C9D4.prodny_store02-atgap08
Number Theory,https://www.barnesandnoble.com//b/textbooks/mathematics/number-theory/_/N-8q9Z18kh;jsessionid=36941BA5C35D130AD4545B142E62C9D4.prodny_store02-atgap08
Numerical Analysis & Solutions,https://www.barnesandnoble.com//b/textbooks/mathematics/numerical-analysis-solutions/_/N-8q9Z18ki;jsessionid=36941BA5C35D130AD4545B142E62C9D4.prodny_store02-atgap08
Probability Theory,https://www.barnesandnoble.com//b/textbooks/mathematics/probability-theory/_/N-8q9Z18kj;jsessionid=36941BA5C35D130AD4545B142E62C9D4.prodny_store02-atgap08
Statistics,https://www.barnesandnoble.com//b/textbooks/mathematics/statistics/_/N-8q9Z18kn;jsessionid=36941BA5C35D130AD4545B142E62C9D4.prodny_store02-atgap08
Trigonometry,https://www.barnesandnoble.com//b/textbooks/mathematics/trigonometry/_/N-8q9Z18kp;jsessionid=36941BA5C35D130AD4545B142E62C9D4.prodny_store02-atgap08
Vectors & Tensors,https://www.barnesandnoble.com//b/textbooks/mathematics/vectors-tensors/_/N-8q9Z18kq;jsessionid=36941BA5C35D130AD4545B142E62C9D4.prodny_store02-atgap08
Blues,https://www.barnesandnoble.com//b/textbooks/music/blues/_/N-8q9Z1bm9
Classical Music,https://www.barnesandnoble.com//b/textbooks/music/classical-music/_/N-8q9Z1bme
Country Music,https://www.barnesandnoble.com//b/textbooks/music/country-music/_/N-8q9Z1bmk
Folk Music & Traditional,https://www.barnesandnoble.com//b/textbooks/music/folk-music-traditional/_/N-8q9Z1blr
Jazz,https://www.barnesandnoble.com//b/textbooks/music/jazz/_/N-8q9Z1bmr
Music - General & Miscellaneous,https://www.barnesandnoble.com//b/textbooks/music/music-general-miscellaneous/_/N-8q9Z1bn3
Music Biography,https://www.barnesandnoble.com//b/textbooks/music/music-biography/_/N-8q9Z1bpn
Music Business,https://www.barnesandnoble.com//b/textbooks/music/music-business/_/N-8q9Z1bni
Music Instruction & Education,https://www.barnesandnoble.com//b/textbooks/music/music-instruction-education/_/N-8q9Z1bl5
Music Reference,https://www.barnesandnoble.com//b/textbooks/music/music-reference/_/N-8q9Z1bnq
Music Technology & Recording,https://www.barnesandnoble.com//b/textbooks/music/music-technology-recording/_/N-8q9Z1bli
Music Theory & Composition,https://www.barnesandnoble.com//b/textbooks/music/music-theory-composition/_/N-8q9Z1bnx
Musical Instruments,https://www.barnesandnoble.com//b/textbooks/music/musical-instruments/_/N-8q9Z1bo6
Opera,https://www.barnesandnoble.com//b/textbooks/music/opera/_/N-8q9Z1bod
Popular & Dance Music,https://www.barnesandnoble.com//b/textbooks/music/popular-dance-music/_/N-8q9Z1bm1
Religious & Sacred Music,https://www.barnesandnoble.com//b/textbooks/music/religious-sacred-music/_/N-8q9Z1blc
Rock & Roll,https://www.barnesandnoble.com//b/textbooks/music/rock-roll/_/N-8q9Z1boo
Sheet Music & Songbooks,https://www.barnesandnoble.com//b/textbooks/music/sheet-music-songbooks/_/N-8q9Z1bp2
World Music,https://www.barnesandnoble.com//b/textbooks/music/world-music/_/N-8q9Z1bph
Dentistry,https://www.barnesandnoble.com//b/textbooks/medicine-nursing/dentistry/_/N-8q9Z167x;jsessionid=1EDF762ABFFE33309E20BDF88C4D2FC3.prodny_store02-atgap10
Health-Related Professions,https://www.barnesandnoble.com//b/textbooks/medicine-nursing/health-related-professions/_/N-8q9Z1688;jsessionid=1EDF762ABFFE33309E20BDF88C4D2FC3.prodny_store02-atgap10
Medicine,https://www.barnesandnoble.com//b/textbooks/medicine-nursing/medicine/_/N-8q9Z168q;jsessionid=1EDF762ABFFE33309E20BDF88C4D2FC3.prodny_store02-atgap10
Medicine & Nursing Reference,https://www.barnesandnoble.com//b/textbooks/medicine-nursing/medicine-nursing-reference/_/N-8q9Z2dj1;jsessionid=1EDF762ABFFE33309E20BDF88C4D2FC3.prodny_store02-atgap10
Medicine & Nursing Test Prep,https://www.barnesandnoble.com//b/textbooks/medicine-nursing/medicine-nursing-test-prep/_/N-8q9Z2djb;jsessionid=1EDF762ABFFE33309E20BDF88C4D2FC3.prodny_store02-atgap10
Nursing,https://www.barnesandnoble.com//b/textbooks/medicine-nursing/nursing/_/N-8q9Z16bd;jsessionid=1EDF762ABFFE33309E20BDF88C4D2FC3.prodny_store02-atgap10
Veterinary Medicine,https://www.barnesandnoble.com//b/textbooks/medicine-nursing/veterinary-medicine/_/N-8q9Z16dx;jsessionid=1EDF762ABFFE33309E20BDF88C4D2FC3.prodny_store02-atgap10
Ancient & Medieval Philosophy,https://www.barnesandnoble.com//b/textbooks/philosophy/ancient-medieval-philosophy/_/N-8q9Z1fe8;jsessionid=CD6D703C153DAA8FCEF9BB680AE77059.prodny_store01-atgap13
Asian Philosophy,https://www.barnesandnoble.com//b/textbooks/philosophy/asian-philosophy/_/N-8q9Z1fei;jsessionid=CD6D703C153DAA8FCEF9BB680AE77059.prodny_store01-atgap13
European & American Philosophy,https://www.barnesandnoble.com//b/textbooks/philosophy/european-american-philosophy/_/N-8q9Z1fer;jsessionid=CD6D703C153DAA8FCEF9BB680AE77059.prodny_store01-atgap13
General & Miscellaneous Philosophy,https://www.barnesandnoble.com//b/textbooks/philosophy/general-miscellaneous-philosophy/_/N-8q9Z1ffd;jsessionid=CD6D703C153DAA8FCEF9BB680AE77059.prodny_store01-atgap13
Linguistics & Semiotics,https://www.barnesandnoble.com//b/textbooks/philosophy/linguistics-semiotics/_/N-8q9Z1ffw;jsessionid=CD6D703C153DAA8FCEF9BB680AE77059.prodny_store01-atgap13
Major Branches of Philosophical Study,https://www.barnesandnoble.com//b/textbooks/philosophy/major-branches-of-philosophical-study/_/N-8q9Z1fgy;jsessionid=CD6D703C153DAA8FCEF9BB680AE77059.prodny_store01-atgap13
Philosophical Positions & Movements,https://www.barnesandnoble.com//b/textbooks/philosophy/philosophical-positions-movements/_/N-8q9Z1fho;jsessionid=CD6D703C153DAA8FCEF9BB680AE77059.prodny_store01-atgap13
Renaissance & Modern Philosophy,https://www.barnesandnoble.com//b/textbooks/philosophy/renaissance-modern-philosophy/_/N-8q9Z1fi5;jsessionid=CD6D703C153DAA8FCEF9BB680AE77059.prodny_store01-atgap13
Civil & Human Rights,https://www.barnesandnoble.com//b/textbooks/current-affairs-politics/civil-human-rights/_/N-8q9Z16su
Diplomacy & International Relations,https://www.barnesandnoble.com//b/textbooks/current-affairs-politics/diplomacy-international-relations/_/N-8q9Z16zd
Economics & Politics,https://www.barnesandnoble.com//b/textbooks/current-affairs-politics/economics-politics/_/N-8q9Z172a
Environmental Politics,https://www.barnesandnoble.com//b/textbooks/current-affairs-politics/environmental-politics/_/N-8q9Z16t2
Immigration & Emigration,https://www.barnesandnoble.com//b/textbooks/current-affairs-politics/immigration-emigration/_/N-8q9Z16ta
Labor & Politics,https://www.barnesandnoble.com//b/textbooks/current-affairs-politics/labor-politics/_/N-8q9Z16u3
Middle Eastern Politics,https://www.barnesandnoble.com//b/textbooks/current-affairs-politics/middle-eastern-politics/_/N-8q9Z16ys
Political Activism & Participation,https://www.barnesandnoble.com//b/textbooks/current-affairs-politics/political-activism-participation/_/N-8q9Z1710
Political Biography,https://www.barnesandnoble.com//b/textbooks/current-affairs-politics/political-biography/_/N-8q9Z174u
Political Theory & Ideology,https://www.barnesandnoble.com//b/textbooks/current-affairs-politics/political-theory-ideology/_/N-8q9Z1719
Politics & Government - General & Miscellaneous,https://www.barnesandnoble.com//b/textbooks/current-affairs-politics/politics-government-general-miscellaneous/_/N-8q9Z173d
Public Affairs & Policies,https://www.barnesandnoble.com//b/textbooks/current-affairs-politics/public-affairs-policies/_/N-8q9Z1742
Public Health & Safety,https://www.barnesandnoble.com//b/textbooks/current-affairs-politics/public-health-safety/_/N-8q9Z16ug
Social Services & Welfare,https://www.barnesandnoble.com//b/textbooks/current-affairs-politics/social-services-welfare/_/N-8q9Z16uz
Terrorism,https://www.barnesandnoble.com//b/textbooks/current-affairs-politics/terrorism/_/N-8q9Z1767
United States Politics & Government,https://www.barnesandnoble.com//b/textbooks/current-affairs-politics/united-states-politics-government/_/N-8q9Z16wx
World Politics,https://www.barnesandnoble.com//b/textbooks/current-affairs-politics/world-politics/_/N-8q9Z16v5
Clinical Psychology,https://www.barnesandnoble.com//b/textbooks/psychology/clinical-psychology/_/N-8q9Z1fcv;jsessionid=73FCAB1117E3EBD308BAFB3BCE235E04.prodny_store01-atgap13
Psychological Disorders,https://www.barnesandnoble.com//b/textbooks/psychology/psychological-disorders/_/N-8q9Z1fcd;jsessionid=73FCAB1117E3EBD308BAFB3BCE235E04.prodny_store01-atgap13
"Psychology - Theory, History & Research",https://www.barnesandnoble.com//b/textbooks/psychology/psychology-theory-history-research/_/N-8q9Z1fdc;jsessionid=73FCAB1117E3EBD308BAFB3BCE235E04.prodny_store01-atgap13
Atlases & Maps,https://www.barnesandnoble.com//b/textbooks/reference/atlases-maps/_/N-8q9Z1g9x;jsessionid=24AFFFEAAC98B8118EFF629C54FE5DF5.prodny_store01-atgap03
English Language Reference,https://www.barnesandnoble.com//b/textbooks/reference/english-language-reference/_/N-8q9Z1gao;jsessionid=24AFFFEAAC98B8118EFF629C54FE5DF5.prodny_store01-atgap03
Foreign Language Study Aids & Dictionaries,https://www.barnesandnoble.com//b/textbooks/reference/foreign-language-study-aids-dictionaries/_/N-8q9Z1gb0;jsessionid=24AFFFEAAC98B8118EFF629C54FE5DF5.prodny_store01-atgap03
Genealogy & Family History,https://www.barnesandnoble.com//b/textbooks/reference/genealogy-family-history/_/N-8q9Z1gck;jsessionid=24AFFFEAAC98B8118EFF629C54FE5DF5.prodny_store01-atgap03
General Reference,https://www.barnesandnoble.com//b/textbooks/reference/general-reference/_/N-8q9Z1gdg;jsessionid=24AFFFEAAC98B8118EFF629C54FE5DF5.prodny_store01-atgap03
Library & Information Science,https://www.barnesandnoble.com//b/textbooks/reference/library-information-science/_/N-8q9Z1ggc;jsessionid=24AFFFEAAC98B8118EFF629C54FE5DF5.prodny_store01-atgap03
School Guides & Test Preparation,https://www.barnesandnoble.com//b/textbooks/reference/school-guides-test-preparation/_/N-8q9Z1gh5;jsessionid=24AFFFEAAC98B8118EFF629C54FE5DF5.prodny_store01-atgap03
Writing,https://www.barnesandnoble.com//b/textbooks/reference/writing/_/N-8q9Z1gii;jsessionid=24AFFFEAAC98B8118EFF629C54FE5DF5.prodny_store01-atgap03
Buddhism,https://www.barnesandnoble.com//b/textbooks/religion/buddhism/_/N-8q9Z17d7
Christianity,https://www.barnesandnoble.com//b/textbooks/religion/christianity/_/N-8q9Z17dr
General & Miscellaneous Religion,https://www.barnesandnoble.com//b/textbooks/religion/general-miscellaneous-religion/_/N-8q9Z17j1
Hinduism,https://www.barnesandnoble.com//b/textbooks/religion/hinduism/_/N-8q9Z17ly
Islam,https://www.barnesandnoble.com//b/textbooks/religion/islam/_/N-8q9Z17ma
Judaism & Judaica,https://www.barnesandnoble.com//b/textbooks/religion/judaism-judaica/_/N-8q9Z17mz
Spirituality,https://www.barnesandnoble.com//b/textbooks/religion/spirituality/_/N-8q9Z2bxo
Cognitive Science,https://www.barnesandnoble.com//b/textbooks/science-general-miscellaneous/cognitive-science/_/N-8q9Z18i0;jsessionid=57EFEAA067DCECECC58EF096AE367A66.prodny_store02-atgap08
Science - General & Miscellaneous,https://www.barnesandnoble.com//b/textbooks/science-general-miscellaneous/science-general-miscellaneous/_/N-8q9Z18i1;jsessionid=57EFEAA067DCECECC58EF096AE367A66.prodny_store02-atgap08
"Scientific Organizations, Institutions & Accolades",https://www.barnesandnoble.com//b/textbooks/science-general-miscellaneous/scientific-organizations-institutions-accolades/_/N-8q9Z18i2;jsessionid=57EFEAA067DCECECC58EF096AE367A66.prodny_store02-atgap08
African Americans,https://www.barnesandnoble.com//b/textbooks/social-sciences/african-americans/_/N-8q9Z1c3k;jsessionid=E7BBDC03B4DC6F5ACD9D48109EF6925D.prodny_store01-atgap03
African Studies,https://www.barnesandnoble.com//b/textbooks/social-sciences/african-studies/_/N-8q9Z18ry;jsessionid=E7BBDC03B4DC6F5ACD9D48109EF6925D.prodny_store01-atgap03
Anthropology & Archaeology,https://www.barnesandnoble.com//b/textbooks/social-sciences/anthropology-archaeology/_/N-8q9Z193h;jsessionid=E7BBDC03B4DC6F5ACD9D48109EF6925D.prodny_store01-atgap03
Asian & Asian American Studies,https://www.barnesandnoble.com//b/textbooks/social-sciences/asian-asian-american-studies/_/N-8q9Z198u;jsessionid=E7BBDC03B4DC6F5ACD9D48109EF6925D.prodny_store01-atgap03
Criminology,https://www.barnesandnoble.com//b/textbooks/social-sciences/criminology/_/N-8q9Z1951;jsessionid=E7BBDC03B4DC6F5ACD9D48109EF6925D.prodny_store01-atgap03
Ethnic & Minority Studies,https://www.barnesandnoble.com//b/textbooks/social-sciences/ethnic-minority-studies/_/N-8q9Z18qx;jsessionid=E7BBDC03B4DC6F5ACD9D48109EF6925D.prodny_store01-atgap03
Folklore & Mythology,https://www.barnesandnoble.com//b/textbooks/social-sciences/folklore-mythology/_/N-8q9Z195n;jsessionid=E7BBDC03B4DC6F5ACD9D48109EF6925D.prodny_store01-atgap03
Future Studies & Forecasting,https://www.barnesandnoble.com//b/textbooks/social-sciences/future-studies-forecasting/_/N-8q9Z19fb;jsessionid=E7BBDC03B4DC6F5ACD9D48109EF6925D.prodny_store01-atgap03
Gender Studies,https://www.barnesandnoble.com//b/textbooks/social-sciences/gender-studies/_/N-8q9Z19es;jsessionid=E7BBDC03B4DC6F5ACD9D48109EF6925D.prodny_store01-atgap03
Immigration & Emigration,https://www.barnesandnoble.com//b/textbooks/social-sciences/immigration-emigration/_/N-8q9Z18q4;jsessionid=E7BBDC03B4DC6F5ACD9D48109EF6925D.prodny_store01-atgap03
Islamic Studies,https://www.barnesandnoble.com//b/textbooks/social-sciences/islamic-studies/_/N-8q9Z19h3;jsessionid=E7BBDC03B4DC6F5ACD9D48109EF6925D.prodny_store01-atgap03
Jewish Studies,https://www.barnesandnoble.com//b/textbooks/social-sciences/jewish-studies/_/N-8q9Z19fn;jsessionid=E7BBDC03B4DC6F5ACD9D48109EF6925D.prodny_store01-atgap03
Latinos & Latin Americans,https://www.barnesandnoble.com//b/textbooks/social-sciences/latinos-latin-americans/_/N-8q9Z199h;jsessionid=E7BBDC03B4DC6F5ACD9D48109EF6925D.prodny_store01-atgap03
LGBT Studies,https://www.barnesandnoble.com//b/textbooks/social-sciences/lgbt-studies/_/N-8q9Z190n;jsessionid=E7BBDC03B4DC6F5ACD9D48109EF6925D.prodny_store01-atgap03
Media & Communications,https://www.barnesandnoble.com//b/textbooks/social-sciences/media-communications/_/N-8q9Z196d;jsessionid=E7BBDC03B4DC6F5ACD9D48109EF6925D.prodny_store01-atgap03
Native American Studies,https://www.barnesandnoble.com//b/textbooks/social-sciences/native-american-studies/_/N-8q9Z19bc;jsessionid=E7BBDC03B4DC6F5ACD9D48109EF6925D.prodny_store01-atgap03
Regional Studies,https://www.barnesandnoble.com//b/textbooks/social-sciences/regional-studies/_/N-8q9Z19cw;jsessionid=E7BBDC03B4DC6F5ACD9D48109EF6925D.prodny_store01-atgap03
Social Sciences - General & Miscellaneous,https://www.barnesandnoble.com//b/textbooks/social-sciences/social-sciences-general-miscellaneous/_/N-8q9Z18w5;jsessionid=E7BBDC03B4DC6F5ACD9D48109EF6925D.prodny_store01-atgap03
Sociology,https://www.barnesandnoble.com//b/textbooks/social-sciences/sociology/_/N-8q9Z197k;jsessionid=E7BBDC03B4DC6F5ACD9D48109EF6925D.prodny_store01-atgap03
True Crime,https://www.barnesandnoble.com//b/textbooks/social-sciences/true-crime/_/N-8q9Z2cm6;jsessionid=E7BBDC03B4DC6F5ACD9D48109EF6925D.prodny_store01-atgap03
Women's Studies,https://www.barnesandnoble.com//b/textbooks/social-sciences/womens-studies/_/N-8q9Z191e;jsessionid=E7BBDC03B4DC6F5ACD9D48109EF6925D.prodny_store01-atgap03
Test Preparation,https://www.barnesandnoble.com//b/textbooks/study-aids/test-study-skills-general-miscellaneous/_/N-8q9Z1gky
